,files,Label
0,A0000.png,Non Bleeding
1,A0001.png,Non Bleeding
2,A0002.png,Non Bleeding
3,A0003.png,Non Bleeding
4,A0004.png,Non Bleeding
5,A0005.png,Non Bleeding
6,A0006.png,Bleeding
7,A0007.png,Non Bleeding
8,A0008.png,Non Bleeding
9,A0009.png,Non Bleeding
10,A0010.png,Non Bleeding
11,A0011.png,Non Bleeding
12,A0012.png,Non Bleeding
13,A0013.png,Non Bleeding
14,A0014.png,Non Bleeding
15,A0016.png,Non Bleeding
16,A0017.png,Non Bleeding
17,A0018.png,Non Bleeding
18,A0019.png,Non Bleeding
19,A0020.png,Non Bleeding
20,A0021.png,Non Bleeding
21,A0022.png,Non Bleeding
22,A0023.png,Non Bleeding
23,A0024.png,Non Bleeding
24,A0025.png,Non Bleeding
25,A0026.png,Non Bleeding
26,A0027.png,Non Bleeding
27,A0028.png,Non Bleeding
28,A0029.png,Non Bleeding
29,A0030.png,Non Bleeding
30,A0031.png,Non Bleeding
31,A0032.png,Bleeding
32,A0033.png,Bleeding
33,A0034.png,Bleeding
34,A0035.png,Non Bleeding
35,A0036.png,Bleeding
36,A0037.png,Bleeding
37,A0038.png,Bleeding
38,A0039.png,Bleeding
39,A0040.png,Bleeding
40,A0041.png,Bleeding
41,A0042.png,Non Bleeding
42,A0043.png,Bleeding
43,A0044.png,Non Bleeding
44,A0045.png,Non Bleeding
45,A0046.png,Non Bleeding
46,A0047.png,Bleeding
47,A0048.png,Non Bleeding
48,A0049.png,Non Bleeding
49,A0050.png,Non Bleeding
50,A0051.png,Non Bleeding
51,A0052.png,Non Bleeding
52,A0053.png,Non Bleeding
53,A0054.png,Non Bleeding
54,A0055.png,Non Bleeding
55,A0056.png,Non Bleeding
56,A0057.png,Non Bleeding
57,A0058.png,Non Bleeding
58,A0059.png,Non Bleeding
59,A0060.png,Non Bleeding
60,A0061.png,Non Bleeding
61,A0062.png,Non Bleeding
62,A0063.png,Non Bleeding
63,A0064.png,Non Bleeding
64,A0065.png,Non Bleeding
65,A0066.png,Non Bleeding
66,A0067.png,Non Bleeding
67,A0068.png,Non Bleeding
68,A0069.png,Bleeding
69,A0070.png,Non Bleeding
70,A0071.png,Non Bleeding
71,A0072.png,Non Bleeding
72,A0073.png,Non Bleeding
73,A0074.png,Non Bleeding
74,A0075.png,Non Bleeding
75,A0076.png,Non Bleeding
76,A0077.png,Non Bleeding
77,A0078.png,Non Bleeding
78,A0079.png,Non Bleeding
79,A0080.png,Non Bleeding
80,A0081.png,Non Bleeding
81,A0082.png,Non Bleeding
82,A0083.png,Non Bleeding
83,A0084.png,Non Bleeding
84,A0085.png,Non Bleeding
85,A0086.png,Non Bleeding
86,A0087.png,Non Bleeding
87,A0088.png,Non Bleeding
88,A0089.png,Non Bleeding
89,A0090.png,Non Bleeding
90,A0091.png,Non Bleeding
91,A0092.png,Non Bleeding
92,A0093.png,Non Bleeding
93,A0094.png,Non Bleeding
94,A0095.png,Bleeding
95,A0096.png,Bleeding
96,A0097.png,Non Bleeding
97,A0098.png,Non Bleeding
98,A0099.png,Non Bleeding
99,A0100.png,Non Bleeding
100,A0101.png,Non Bleeding
101,A0102.png,Non Bleeding
102,A0103.png,Bleeding
103,A0104.png,Non Bleeding
104,A0105.png,Non Bleeding
105,A0106.png,Non Bleeding
106,A0107.png,Non Bleeding
107,A0108.png,Bleeding
108,A0109.png,Non Bleeding
109,A0110.png,Non Bleeding
110,A0111.png,Non Bleeding
111,A0112.png,Non Bleeding
112,A0113.png,Non Bleeding
113,A0114.png,Non Bleeding
114,A0115.png,Bleeding
115,A0116.png,Non Bleeding
116,A0117.png,Non Bleeding
117,A0118.png,Non Bleeding
118,A0119.png,Non Bleeding
119,A0120.png,Non Bleeding
120,A0121.png,Bleeding
121,A0122.png,Non Bleeding
122,A0123.png,Non Bleeding
123,A0124.png,Bleeding
124,A0125.png,Non Bleeding
125,A0126.png,Bleeding
126,A0127.png,Non Bleeding
127,A0128.png,Non Bleeding
128,A0129.png,Bleeding
129,A0130.png,Non Bleeding
130,A0131.png,Bleeding
131,A0132.png,Non Bleeding
132,A0133.png,Bleeding
133,A0134.png,Bleeding
134,A0135.png,Non Bleeding
135,A0136.png,Bleeding
136,A0137.png,Non Bleeding
137,A0138.png,Bleeding
138,A0139.png,Bleeding
139,A0140.png,Bleeding
140,A0141.png,Bleeding
141,A0142.png,Non Bleeding
142,A0143.png,Bleeding
143,A0144.png,Bleeding
144,A0145.png,Bleeding
145,A0146.png,Bleeding
146,A0147.png,Non Bleeding
147,A0148.png,Bleeding
148,A0149.png,Bleeding
149,A0150.png,Bleeding
150,A0151.png,Non Bleeding
151,A0152.png,Bleeding
152,A0153.png,Bleeding
153,A0154.png,Non Bleeding
154,A0155.png,Bleeding
155,A0156.png,Non Bleeding
156,A0157.png,Non Bleeding
157,A0158.png,Bleeding
158,A0159.png,Non Bleeding
159,A0160.png,Non Bleeding
160,A0161.png,Non Bleeding
161,A0162.png,Bleeding
162,A0163.png,Non Bleeding
163,A0164.png,Non Bleeding
164,A0165.png,Non Bleeding
165,A0166.png,Non Bleeding
166,A0167.png,Bleeding
167,A0168.png,Non Bleeding
168,A0169.png,Non Bleeding
169,A0170.png,Bleeding
170,A0171.png,Bleeding
171,A0172.png,Bleeding
172,A0173.png,Bleeding
173,A0174.png,Bleeding
174,A0175.png,Bleeding
175,A0176.png,Bleeding
176,A0177.png,Non Bleeding
177,A0178.png,Bleeding
178,A0179.png,Bleeding
179,A0180.png,Non Bleeding
180,A0181.png,Bleeding
181,A0182.png,Bleeding
182,A0183.png,Bleeding
183,A0184.png,Non Bleeding
184,A0185.png,Non Bleeding
185,A0186.png,Bleeding
186,A0187.png,Non Bleeding
187,A0188.png,Non Bleeding
188,A0189.png,Bleeding
189,A0190.png,Non Bleeding
190,A0191.png,Non Bleeding
191,A0192.png,Non Bleeding
192,A0193.png,Non Bleeding
193,A0194.png,Non Bleeding
194,A0195.png,Non Bleeding
195,A0196.png,Non Bleeding
196,A0197.png,Non Bleeding
197,A0198.png,Non Bleeding
198,A0199.png,Non Bleeding
199,A0200.png,Non Bleeding
200,A0201.png,Non Bleeding
201,A0202.png,Non Bleeding
202,A0203.png,Non Bleeding
203,A0204.png,Non Bleeding
204,A0205.png,Non Bleeding
205,A0206.png,Non Bleeding
206,A0207.png,Non Bleeding
207,A0208.png,Non Bleeding
208,A0209.png,Non Bleeding
209,A0210.png,Non Bleeding
210,A0211.png,Non Bleeding
211,A0212.png,Bleeding
212,A0213.png,Non Bleeding
213,A0214.png,Non Bleeding
214,A0215.png,Non Bleeding
215,A0216.png,Non Bleeding
216,A0217.png,Non Bleeding
217,A0218.png,Non Bleeding
218,A0219.png,Non Bleeding
219,A0220.png,Non Bleeding
220,A0221.png,Non Bleeding
221,A0222.png,Non Bleeding
222,A0223.png,Bleeding
223,A0224.png,Non Bleeding
224,A0225.png,Non Bleeding
225,A0226.png,Bleeding
226,A0227.png,Bleeding
227,A0228.png,Bleeding
228,A0229.png,Bleeding
229,A0230.png,Bleeding
230,A0231.png,Bleeding
231,A0232.png,Bleeding
232,A0233.png,Bleeding
233,A0234.png,Non Bleeding
234,A0235.png,Bleeding
235,A0236.png,Non Bleeding
236,A0237.png,Bleeding
237,A0238.png,Non Bleeding
238,A0239.png,Non Bleeding
239,A0240.png,Non Bleeding
240,A0241.png,Bleeding
241,A0242.png,Bleeding
242,A0243.png,Bleeding
243,A0244.png,Bleeding
244,A0245.png,Bleeding
245,A0246.png,Non Bleeding
246,A0247.png,Bleeding
247,A0248.png,Bleeding
248,A0249.png,Non Bleeding
249,A0250.png,Bleeding
250,A0251.png,Non Bleeding
251,A0252.png,Bleeding
252,A0253.png,Bleeding
253,A0254.png,Bleeding
254,A0255.png,Non Bleeding
255,A0256.png,Non Bleeding
256,A0257.png,Bleeding
257,A0258.png,Bleeding
258,A0259.png,Non Bleeding
259,A0260.png,Bleeding
260,A0261.png,Bleeding
261,A0262.png,Bleeding
262,A0263.png,Bleeding
263,A0264.png,Non Bleeding
264,A0265.png,Bleeding
265,A0266.png,Bleeding
266,A0267.png,Bleeding
267,A0268.png,Bleeding
268,A0269.png,Bleeding
269,A0270.png,Bleeding
270,A0271.png,Non Bleeding
271,A0272.png,Bleeding
272,A0273.png,Non Bleeding
273,A0274.png,Bleeding
274,A0275.png,Bleeding
275,A0276.png,Bleeding
276,A0277.png,Non Bleeding
277,A0278.png,Bleeding
278,A0279.png,Non Bleeding
279,A0280.png,Non Bleeding
280,A0281.png,Non Bleeding
281,A0282.png,Non Bleeding
282,A0283.png,Bleeding
283,A0284.png,Non Bleeding
284,A0285.png,Bleeding
285,A0286.png,Bleeding
286,A0287.png,Bleeding
287,A0288.png,Bleeding
288,A0289.png,Bleeding
289,A0290.png,Bleeding
290,A0291.png,Bleeding
291,A0292.png,Non Bleeding
292,A0293.png,Non Bleeding
293,A0294.png,Non Bleeding
294,A0295.png,Non Bleeding
295,A0296.png,Non Bleeding
296,A0297.png,Bleeding
297,A0298.png,Bleeding
298,A0299.png,Bleeding
299,A0300.png,Non Bleeding
300,A0301.png,Non Bleeding
301,A0302.png,Bleeding
302,A0303.png,Bleeding
303,A0304.png,Non Bleeding
304,A0305.png,Non Bleeding
305,A0306.png,Non Bleeding
306,A0307.png,Non Bleeding
307,A0308.png,Non Bleeding
308,A0309.png,Non Bleeding
309,A0310.png,Bleeding
310,A0311.png,Non Bleeding
311,A0312.png,Non Bleeding
312,A0313.png,Bleeding
313,A0314.png,Non Bleeding
314,A0315.png,Non Bleeding
315,A0316.png,Non Bleeding
316,A0317.png,Non Bleeding
317,A0318.png,Non Bleeding
318,A0319.png,Non Bleeding
319,A0320.png,Bleeding
320,A0321.png,Non Bleeding
321,A0322.png,Non Bleeding
322,A0323.png,Non Bleeding
323,A0324.png,Non Bleeding
324,A0325.png,Non Bleeding
325,A0326.png,Non Bleeding
326,A0327.png,Non Bleeding
327,A0328.png,Non Bleeding
328,A0329.png,Non Bleeding
329,A0330.png,Non Bleeding
330,A0331.png,Non Bleeding
331,A0332.png,Non Bleeding
332,A0333.png,Bleeding
333,A0334.png,Non Bleeding
334,A0335.png,Bleeding
335,A0336.png,Non Bleeding
336,A0337.png,Non Bleeding
337,A0338.png,Non Bleeding
338,A0339.png,Bleeding
339,A0340.png,Non Bleeding
340,A0341.png,Bleeding
341,A0342.png,Bleeding
342,A0343.png,Non Bleeding
343,A0344.png,Bleeding
344,A0345.png,Non Bleeding
345,A0346.png,Bleeding
346,A0347.png,Non Bleeding
347,A0348.png,Bleeding
348,A0349.png,Bleeding
349,A0350.png,Bleeding
350,A0351.png,Bleeding
351,A0352.png,Bleeding
352,A0353.png,Bleeding
353,A0354.png,Bleeding
354,A0355.png,Bleeding
355,A0356.png,Non Bleeding
356,A0357.png,Non Bleeding
357,A0358.png,Non Bleeding
358,A0359.png,Non Bleeding
359,A0360.png,Non Bleeding
360,A0361.png,Bleeding
361,A0362.png,Bleeding
362,A0363.png,Bleeding
363,A0364.png,Bleeding
364,A0365.png,Bleeding
365,A0366.png,Bleeding
366,A0367.png,Bleeding
367,A0368.png,Bleeding
368,A0369.png,Bleeding
369,A0370.png,Bleeding
370,A0371.png,Non Bleeding
371,A0372.png,Non Bleeding
372,A0373.png,Non Bleeding
373,A0374.png,Non Bleeding
374,A0375.png,Non Bleeding
375,A0376.png,Non Bleeding
376,A0377.png,Non Bleeding
377,A0378.png,Non Bleeding
378,A0379.png,Non Bleeding
379,A0380.png,Bleeding
380,A0381.png,Bleeding
381,A0382.png,Bleeding
382,A0383.png,Non Bleeding
383,A0384.png,Bleeding
384,A0385.png,Non Bleeding
385,A0386.png,Non Bleeding
386,A0387.png,Non Bleeding
387,A0388.png,Non Bleeding
388,A0389.png,Non Bleeding
389,A0390.png,Bleeding
390,A0391.png,Non Bleeding
391,A0392.png,Non Bleeding
392,A0393.png,Bleeding
393,A0394.png,Non Bleeding
394,A0395.png,Non Bleeding
395,A0396.png,Non Bleeding
396,A0397.png,Non Bleeding
397,A0398.png,Non Bleeding
398,A0399.png,Bleeding
399,A0400.png,Bleeding
400,A0401.png,Non Bleeding
401,A0402.png,Non Bleeding
402,A0403.png,Non Bleeding
403,A0404.png,Non Bleeding
404,A0405.png,Bleeding
405,A0406.png,Bleeding
406,A0407.png,Bleeding
407,A0408.png,Bleeding
408,A0409.png,Non Bleeding
409,A0410.png,Non Bleeding
410,A0411.png,Non Bleeding
411,A0412.png,Non Bleeding
412,A0413.png,Non Bleeding
413,A0414.png,Non Bleeding
414,A0415.png,Non Bleeding
415,A0416.png,Non Bleeding
416,A0417.png,Non Bleeding
417,A0418.png,Non Bleeding
418,A0419.png,Non Bleeding
419,A0420.png,Non Bleeding
420,A0421.png,Non Bleeding
421,A0422.png,Bleeding
422,A0423.png,Bleeding
423,A0424.png,Bleeding
424,A0425.png,Bleeding
425,A0426.png,Bleeding
426,A0427.png,Bleeding
427,A0428.png,Non Bleeding
428,A0429.png,Non Bleeding
429,A0430.png,Non Bleeding
430,A0431.png,Bleeding
431,A0432.png,Non Bleeding
432,A0433.png,Bleeding
433,A0434.png,Non Bleeding
434,A0435.png,Non Bleeding
435,A0436.png,Non Bleeding
436,A0437.png,Non Bleeding
437,A0438.png,Bleeding
438,A0439.png,Non Bleeding
439,A0440.png,Non Bleeding
440,A0441.png,Bleeding
441,A0442.png,Non Bleeding
442,A0443.png,Non Bleeding
443,A0444.png,Non Bleeding
444,A0445.png,Non Bleeding
445,A0446.png,Bleeding
446,A0447.png,Bleeding
447,A0448.png,Non Bleeding
448,A0449.png,Non Bleeding
449,A0450.png,Non Bleeding
450,A0451.png,Bleeding
451,A0452.png,Bleeding
452,A0453.png,Non Bleeding
453,A0454.png,Non Bleeding
454,A0455.png,Non Bleeding
455,A0456.png,Non Bleeding
456,A0457.png,Non Bleeding
457,A0458.png,Non Bleeding
458,A0459.png,Non Bleeding
459,A0460.png,Non Bleeding
460,A0461.png,Non Bleeding
461,A0462.png,Bleeding
462,A0463.png,Bleeding
463,A0464.png,Non Bleeding
464,A0465.png,Bleeding
465,A0466.png,Non Bleeding
466,A0467.png,Bleeding
467,A0468.png,Bleeding
468,A0469.png,Bleeding
469,A0470.png,Bleeding
470,A0471.png,Bleeding
471,A0472.png,Bleeding
472,A0473.png,Bleeding
473,A0474.png,Non Bleeding
474,A0475.png,Non Bleeding
475,A0476.png,Non Bleeding
476,A0477.png,Non Bleeding
477,A0478.png,Non Bleeding
478,A0479.png,Non Bleeding
479,A0480.png,Non Bleeding
480,A0481.png,Non Bleeding
481,A0482.png,Non Bleeding
482,A0483.png,Non Bleeding
483,A0484.png,Non Bleeding
484,A0485.png,Non Bleeding
485,A0486.png,Non Bleeding
486,A0487.png,Non Bleeding
487,A0488.png,Non Bleeding
488,A0489.png,Non Bleeding
489,A0490.png,Non Bleeding
490,A0491.png,Non Bleeding
491,A0492.png,Bleeding
492,A0493.png,Bleeding
493,A0494.png,Bleeding
494,A0495.png,Bleeding
495,A0496.png,Bleeding
496,A0497.png,Non Bleeding
497,A0498.png,Bleeding
498,A0499.png,Non Bleeding
499,A0500.png,Non Bleeding
500,A0501.png,Non Bleeding
501,A0502.png,Non Bleeding
502,A0503.png,Non Bleeding
503,A0504.png,Non Bleeding
504,A0505.png,Non Bleeding
505,A0506.png,Non Bleeding
506,A0507.png,Non Bleeding
507,A0508.png,Non Bleeding
508,A0509.png,Non Bleeding
509,A0510.png,Non Bleeding
510,A0511.png,Bleeding
511,A0512.png,Non Bleeding
512,A0513.png,Non Bleeding
513,A0514.png,Non Bleeding
514,A0515.png,Non Bleeding
515,A0516.png,Bleeding
516,A0517.png,Non Bleeding
517,A0518.png,Non Bleeding
518,A0519.png,Non Bleeding
519,A0520.png,Non Bleeding
520,A0521.png,Non Bleeding
521,A0522.png,Non Bleeding
522,A0523.png,Non Bleeding
523,A0524.png,Non Bleeding
524,A0525.png,Bleeding
525,A0526.png,Non Bleeding
526,A0527.png,Non Bleeding
527,A0528.png,Non Bleeding
528,A0529.png,Non Bleeding
529,A0530.png,Non Bleeding
530,A0531.png,Non Bleeding
531,A0532.png,Non Bleeding
532,A0533.png,Non Bleeding
533,A0534.png,Non Bleeding
534,A0535.png,Non Bleeding
535,A0536.png,Non Bleeding
536,A0537.png,Non Bleeding
537,A0538.png,Non Bleeding
538,A0539.png,Non Bleeding
539,A0540.png,Non Bleeding
540,A0541.png,Non Bleeding
541,A0542.png,Non Bleeding
542,A0543.png,Non Bleeding
543,A0544.png,Non Bleeding
544,A0545.png,Non Bleeding
545,A0546.png,Non Bleeding
546,A0547.png,Non Bleeding
547,A0548.png,Non Bleeding
548,A0549.png,Non Bleeding
549,A0550.png,Non Bleeding
550,A0551.png,Non Bleeding
551,A0552.png,Non Bleeding
552,A0553.png,Non Bleeding
553,A0554.png,Non Bleeding
554,A0555.png,Non Bleeding
555,A0556.png,Bleeding
556,A0557.png,Non Bleeding
557,A0558.png,Non Bleeding
558,A0559.png,Non Bleeding
559,A0560.png,Non Bleeding
560,A0561.png,Non Bleeding
561,A0562.png,Non Bleeding
562,A0563.png,Non Bleeding
563,A0564.png,Non Bleeding
